{"stats":{"minecraft:custom":{"minecraft:time_since_rest":1528,"minecraft:crouch_one_cm":294,"minecraft:deaths":1,"minecraft:sprint_one_cm":4751,"minecraft:play_time":314392,"minecraft:walk_one_cm":25124,"minecraft:damage_taken":440,"minecraft:sneak_time":2518,"minecraft:walk_under_water_one_cm":31040,"minecraft:jump":25,"minecraft:leave_game":5,"minecraft:walk_on_water_one_cm":30210,"minecraft:time_since_death":1505,"minecraft:climb_one_cm":756,"minecraft:total_world_time":319427,"minecraft:fall_one_cm":4602,"minecraft:fly_one_cm":1033428},"minecraft:used":{"minecraft:crimson_nylium":203,"minecraft:warped_stem":3,"minecraft:jungle_leaves":2,"minecraft:soul_sand":1,"minecraft:dirt":75,"minecraft:warped_stairs":6,"minecraft:flint_and_steel":73,"minecraft:string":2,"minecraft:smooth_sandstone":2,"minecraft:cut_sandstone":48,"minecraft:crimson_roots":9,"minecraft:bone_meal":121},"minecraft:picked_up":{"minecraft:crimson_roots":7}},"DataVersion":2730}